{"cameraMode":{"drawMode":0,"name":"Shaded","section":"Shading Mode"},"sceneLighting":true,"audioPlay":false,"sceneViewState":{"showFog":true,"showMaterialUpdate":true,"showSkybox":true,"showFlares":true,"showImageEffects":true,"showParticleSystems":true},"in2DMode":false,"pivot":{"x":-33.97959899902344,"y":-38.51979064941406,"z":-148.540771484375},"rotation":{"x":-0.011188185773789883,"y":0.9883256554603577,"z":-0.12190359830856323,"w":-0.09070158004760742},"size":181.97366333007813,"orthographic":false}