{"cameraMode":{"drawMode":0,"name":"Shaded","section":"Shading Mode"},"sceneLighting":true,"audioPlay":false,"sceneViewState":{"showFog":true,"showMaterialUpdate":true,"showSkybox":true,"showFlares":true,"showImageEffects":true,"showParticleSystems":true},"in2DMode":false,"pivot":{"x":181.98446655273438,"y":-7.990531921386719,"z":-6.841941833496094},"rotation":{"x":0.061048757284879687,"y":0.7949790954589844,"z":-0.0811486542224884,"w":0.598077118396759},"size":251.4298553466797,"orthographic":false}